{
  "variant": "bert",
  "mmd": 0.02564591368493789,
  "mmd_sigma": 32.291469331381904,
  "w1_l": 0.11544695175165194,
  "w1_t": 0.0032603121374811276,
  "gen_mean_len": 81.07317073170732,
  "ref_mean_len": 78.25365853658536,
  "gen_time_sec": 3.2300596237182617,
  "step": 8000,
  "n_steps": 100,
  "cond_dim": 768
}