{
  "variant": "motive",
  "mmd": 0.033755526888788905,
  "mmd_sigma": 40.86662212164083,
  "w1_l": 0.21814611644433365,
  "w1_t": 0.005043723707623965,
  "gen_mean_len": 93.1390243902439,
  "ref_mean_len": 78.25365853658536,
  "gen_time_sec": 3.2655022144317627,
  "step": 6000,
  "n_steps": 100,
  "cond_dim": 14
}