{
  "variant": "full",
  "mmd": 0.030743567684335144,
  "mmd_sigma": 32.1368624275201,
  "w1_l": 0.13950878942775224,
  "w1_t": 0.004957575169959758,
  "gen_mean_len": 84.08780487804879,
  "ref_mean_len": 78.25365853658536,
  "gen_time_sec": 3.292879343032837,
  "step": 28000,
  "n_steps": 100
}