{
  "variant": "flat",
  "mmd": 0.04029869985623036,
  "mmd_sigma": 49.497926958836615,
  "w1_l": 0.4165627727216058,
  "w1_t": 0.006822315250244643,
  "gen_mean_len": 110.83170731707317,
  "ref_mean_len": 78.25365853658536,
  "gen_time_sec": 3.305713176727295,
  "step": 4000,
  "n_steps": 100
}