{
  "variant": "ddpm",
  "mmd": 0.23162937586700935,
  "mmd_sigma": 13.876896913163364,
  "w1_l": 0.9562398703403565,
  "w1_t": 0.018695613457172106,
  "gen_mean_len": 50.27317073170732,
  "ref_mean_len": 78.25365853658536,
  "gen_time_sec": 5.230392694473267,
  "step": 20000,
  "n_steps": 200
}